"source","source_id","source_url","name","category","latitude","longitude","coordinate_kind","address","status","pickup_verified"
"OpenStreetMap","way/656525953","https://www.openstreetmap.org/way/656525953","Cevicheria Agallas de Oro","restaurant","-11.2561528","-74.6390537","bounding_box_center","","draft","False"
"OpenStreetMap","way/658485550","https://www.openstreetmap.org/way/658485550","Cevicheria Puntarhena","restaurant","-11.25689715","-74.639283","bounding_box_center","","draft","False"
"OpenStreetMap","node/3250375767","https://www.openstreetmap.org/node/3250375767","Compañía de Bomberos Satipo Nº 147","fire_station","-11.252396","-74.6347159","mapped_point","","draft","False"
"OpenStreetMap","node/7080516538","https://www.openstreetmap.org/node/7080516538","De Apoyo Manuel Higa Arakaki","hospital","-11.2493056","-74.6385852","mapped_point","Calle Daniel Alcides Carrion 398","draft","False"
"OpenStreetMap","way/628590390","https://www.openstreetmap.org/way/628590390","Estadio de Satipo","stadium","-11.24274905","-74.6341784","bounding_box_center","","draft","False"
"OpenStreetMap","way/630271929","https://www.openstreetmap.org/way/630271929","Gras Sintetico La Bombonera","pitch","-11.249901000000001","-74.6342946","bounding_box_center","","draft","False"
"OpenStreetMap","node/6352334485","https://www.openstreetmap.org/node/6352334485","Grifo Vásquez","fuel","-11.2479067","-74.6371947","mapped_point","","draft","False"
"OpenStreetMap","way/630691693","https://www.openstreetmap.org/way/630691693","Heladeria Karina","ice_cream","-11.2567761","-74.63910235","bounding_box_center","","draft","False"
"OpenStreetMap","way/1030551649","https://www.openstreetmap.org/way/1030551649","Hospital de Apoyo Manuel Higa Arakaki","hospital","-11.2487286","-74.63559465","bounding_box_center","Daniel Alcides Carrión 398","draft","False"
"OpenStreetMap","way/630271926","https://www.openstreetmap.org/way/630271926","Iglesia Evangelica Peruana Templo Amaus","place_of_worship","-11.2550157","-74.64023449999999","bounding_box_center","Jirón San Martín 777","draft","False"
"OpenStreetMap","way/630271925","https://www.openstreetmap.org/way/630271925","Iglesia Filadelfia","place_of_worship","-11.25397815","-74.6396163","bounding_box_center","Jirón San Martín","draft","False"
"OpenStreetMap","way/664248965","https://www.openstreetmap.org/way/664248965","Iglesia Metodista Satipo","place_of_worship","-11.25800465","-74.63896955","bounding_box_center","","draft","False"
"OpenStreetMap","node/5560414947","https://www.openstreetmap.org/node/5560414947","Institución Educativa 30001-54","school","-11.255308","-74.645804","mapped_point","","draft","False"
"OpenStreetMap","node/5560388215","https://www.openstreetmap.org/node/5560388215","Institución Educativa 30632 Divino Niño Jesus","school","-11.2491","-74.6347","mapped_point","","draft","False"
"OpenStreetMap","node/5560388212","https://www.openstreetmap.org/node/5560388212","Institución Educativa 31515 Rafael Gastelua","school","-11.2503159","-74.6405617","mapped_point","","draft","False"
"OpenStreetMap","node/5381639716","https://www.openstreetmap.org/node/5381639716","Institución Educativa Emanuel","school","-11.2569109","-74.6255057","mapped_point","","draft","False"
"OpenStreetMap","node/5560414948","https://www.openstreetmap.org/node/5560414948","Institución Educativa Francisco Irazola","school","-11.2525","-74.6421","mapped_point","","draft","False"
"OpenStreetMap","node/5560414949","https://www.openstreetmap.org/node/5560414949","Institución educativa inicial 30001-54","kindergarten","-11.2555","-74.6458","mapped_point","","draft","False"
"OpenStreetMap","node/5381639715","https://www.openstreetmap.org/node/5381639715","Institución educativa inicial Emanuel","kindergarten","-11.2569276","-74.6254987","mapped_point","","draft","False"
"OpenStreetMap","node/5560381537","https://www.openstreetmap.org/node/5560381537","Institución educativa inicial Jose Olaya","kindergarten","-11.2568632","-74.6376","mapped_point","","draft","False"
"OpenStreetMap","node/5560414942","https://www.openstreetmap.org/node/5560414942","Institución educativa inicial Kinder Crayolitas","kindergarten","-11.2553908","-74.6457893","mapped_point","","draft","False"
"OpenStreetMap","node/5560388209","https://www.openstreetmap.org/node/5560388209","Institución educativa inicial No. 1028","kindergarten","-11.2497","-74.6333","mapped_point","","draft","False"
"OpenStreetMap","node/5560414944","https://www.openstreetmap.org/node/5560414944","Institución educativa inicial No. 1029","kindergarten","-11.2642","-74.6436","mapped_point","","draft","False"
"OpenStreetMap","node/5560388216","https://www.openstreetmap.org/node/5560388216","Institución educativa inicial No. 140","kindergarten","-11.2521","-74.6396","mapped_point","","draft","False"
"OpenStreetMap","node/5560414946","https://www.openstreetmap.org/node/5560414946","Institución educativa inicial No. 1785","kindergarten","-11.2623","-74.6424","mapped_point","","draft","False"
"OpenStreetMap","node/5560414950","https://www.openstreetmap.org/node/5560414950","Institución educativa inicial No. 1786","kindergarten","-11.2577","-74.6482","mapped_point","","draft","False"
"OpenStreetMap","node/5560414943","https://www.openstreetmap.org/node/5560414943","Institución educativa inicial No. 1799","kindergarten","-11.2598","-74.6473","mapped_point","","draft","False"
"OpenStreetMap","node/5560388218","https://www.openstreetmap.org/node/5560388218","Institución educativa inicial No. 652","kindergarten","-11.2459","-74.6342","mapped_point","","draft","False"
"OpenStreetMap","node/5381639718","https://www.openstreetmap.org/node/5381639718","Institución educativa inicial No. 667","kindergarten","-11.2564","-74.6249","mapped_point","","draft","False"
"OpenStreetMap","node/5560388217","https://www.openstreetmap.org/node/5560388217","Institución educativa inicial No. 669","kindergarten","-11.245","-74.6395","mapped_point","","draft","False"
"OpenStreetMap","node/5560388211","https://www.openstreetmap.org/node/5560388211","Institución educativa inicial Pamer","kindergarten","-11.249979","-74.6396","mapped_point","","draft","False"
"OpenStreetMap","node/5560388210","https://www.openstreetmap.org/node/5560388210","Institución educativa inicial Rafael Gastelua","kindergarten","-11.2505764","-74.6405134","mapped_point","","draft","False"
"OpenStreetMap","node/5560381533","https://www.openstreetmap.org/node/5560381533","Institución Educativa Jose Olaya","school","-11.2588251","-74.6383337","mapped_point","","draft","False"
"OpenStreetMap","node/5560414951","https://www.openstreetmap.org/node/5560414951","Institución Educativa Kinder Crayolitas","school","-11.255258","-74.645792","mapped_point","","draft","False"
"OpenStreetMap","node/5560414945","https://www.openstreetmap.org/node/5560414945","Institución Educativa Niño Jesucito","school","-11.2526158","-74.6425302","mapped_point","","draft","False"
"OpenStreetMap","node/5381639717","https://www.openstreetmap.org/node/5381639717","Institución Educativa No. 30645","school","-11.25595","-74.625845","mapped_point","","draft","False"
"OpenStreetMap","node/5560388219","https://www.openstreetmap.org/node/5560388219","Institución Educativa No. 31834","school","-11.2452","-74.6392","mapped_point","","draft","False"
"OpenStreetMap","node/5560388214","https://www.openstreetmap.org/node/5560388214","Institución Educativa Pamer","school","-11.2498685","-74.6395946","mapped_point","","draft","False"
"OpenStreetMap","node/5560388213","https://www.openstreetmap.org/node/5560388213","Institución Educativa Rafael Gastelua","school","-11.2504632","-74.6405402","mapped_point","","draft","False"
"OpenStreetMap","node/6352238691","https://www.openstreetmap.org/node/6352238691","La Tuja","restaurant","-11.253075","-74.6384578","mapped_point","","draft","False"
"OpenStreetMap","node/6352238693","https://www.openstreetmap.org/node/6352238693","Morgue Satipo","mortuary","-11.2476432","-74.6362935","mapped_point","","draft","False"
"OpenStreetMap","way/515092971","https://www.openstreetmap.org/way/515092971","Municipalidad Provincial de Satipo","townhall","-11.253693349999999","-74.6362054","bounding_box_center","Jirón Colonos Fundadores 312","draft","False"
"OpenStreetMap","way/628590378","https://www.openstreetmap.org/way/628590378","Parque de la Paz","park","-11.24895875","-74.63649079999999","bounding_box_center","","draft","False"
"OpenStreetMap","way/628590382","https://www.openstreetmap.org/way/628590382","Parque del Amor","park","-11.24864915","-74.6362451","bounding_box_center","","draft","False"
"OpenStreetMap","way/656525952","https://www.openstreetmap.org/way/656525952","Piñateria Yiyi","party","-11.25607355","-74.63999505","bounding_box_center","","draft","False"
"OpenStreetMap","way/628590376","https://www.openstreetmap.org/way/628590376","Plaza de Armas José Olaya","park","-11.25892885","-74.6376332","bounding_box_center","","draft","False"
"OpenStreetMap","way/628590389","https://www.openstreetmap.org/way/628590389","Plaza de Armas Santa Leonor","park","-11.2463676","-74.6355403","bounding_box_center","","draft","False"
"OpenStreetMap","way/585523424","https://www.openstreetmap.org/way/585523424","Plaza Mayor de Satipo","park","-11.25395355","-74.63696185","bounding_box_center","","draft","False"
"OpenStreetMap","way/515092982","https://www.openstreetmap.org/way/515092982","Poder Judicial","courthouse","-11.2449304","-74.63661975","bounding_box_center","Avenida Antonio Raymondi Norte","draft","False"
"OpenStreetMap","way/656525951","https://www.openstreetmap.org/way/656525951","Pollería Koquetos","restaurant","-11.2562373","-74.63917624999999","bounding_box_center","","draft","False"
"OpenStreetMap","node/6384433479","https://www.openstreetmap.org/node/6384433479","Recreo Turístico Mana","restaurant","-11.2611832","-74.6384171","mapped_point","Avenida Micaela Bastidas","draft","False"
"OpenStreetMap","way/630691692","https://www.openstreetmap.org/way/630691692","Restaurant Turistico Katari","restaurant","-11.2564685","-74.6397172","bounding_box_center","","draft","False"
"OpenStreetMap","way/630271927","https://www.openstreetmap.org/way/630271927","Terminal de Automovil Santa Rosa","parking","-11.2541248","-74.63552390000001","bounding_box_center","","draft","False"
"OpenStreetMap","way/630271928","https://www.openstreetmap.org/way/630271928","Terminal Terrestre Satipo","bus_station","-11.25993055","-74.64460405","bounding_box_center","","draft","False"
"OpenStreetMap","way/658485549","https://www.openstreetmap.org/way/658485549","Zoco Market","convenience","-11.253938250000001","-74.63794254999999","bounding_box_center","","draft","False"
